year_rank,song,artist,is_collaboration,collaborator_1,collaborator_2,collaborator_3,collaborator_4,collaborator_5,source
2015_100,Free,Dâm-Funk,0,,,,,,Pitchfork
2015_99,Can't Keep Checking My Phone,Unknown Mortal Orchestra,0,,,,,,Pitchfork
2015_98,Dope Cloud,Protomartyr,0,,,,,,Pitchfork
2015_97,Young,Frankie Cosmos,0,,,,,,Pitchfork
2015_96,Nelly,Isaiah Rashad,0,,,,,,Pitchfork
2015_95,The Lavishments of Light Looking,WOKE,1,,George Clinton,,,,Pitchfork
2015_94,XTC,DJ Koze,0,,,,,,Pitchfork
2015_93,I Remember,Bully,0,,,,,,Pitchfork
2015_92,Break Away,Cool Uncle,1,,Jessie Ware,,,,Pitchfork
2015_91,How Does It Feel,Kamaiyah,0,,,,,,Pitchfork
2015_90,Blasé,Ty Dolla $ign,1,,Future,Rae Sremmurd,,,Pitchfork
2015_89,My Baby Don’t Understand Me,Natalie Prass,0,,,,,,Pitchfork
2015_88,Demon,Shamir,0,,,,,,Pitchfork
2015_87,Bank Rolls (Remix),Tate Kobang,0,,,,,,Pitchfork
2015_86,The Answer,Savages,0,,,,,,Pitchfork
2015_85,To Die in L.A.,Lower Dens,0,,,,,,Pitchfork
2015_84,Dimed Out,Titus Andronicus,0,,,,,,Pitchfork
2015_83,Seeds,Moses Sumney,0,,,,,,Pitchfork
2015_82,Ch-Ching,Chairlift,0,,,,,,Pitchfork
2015_81,That Battle Is Over,Jenny Hval,0,,,,,,Pitchfork
2015_80,Me U & Hennessy,Dej Loaf,1,,Lil Wayne,,,,Pitchfork
2015_79,Twist My Fingaz,YG,0,,,,,,Pitchfork
2015_78,Whip It (Remix),iLoveMakonnen,1,,Migos,Rich the Kid,,,Pitchfork
2015_77,Downtown,Majical Cloudz,0,,,,,,Pitchfork
2015_76,Standard,Empress Of,0,,,,,,Pitchfork
2015_75,High by the Beach,Lana Del Rey,0,,,,,,Pitchfork
2015_74,(At Your Best) You Are Love (Aaliyah/The Isley Brothers Cover),Frank Ocean,0,,,,,,Pitchfork
2015_73,Foreclosures,Rick Ross,0,,,,,,Pitchfork
2015_72,Ryderz,Hudson Mohawke,0,,,,,,Pitchfork
2015_71,The Night Josh Tillman Came to Our Apartment,Father John Misty,0,,,,,,Pitchfork
2015_70,Dubby,DJ Rashad,1,DJ Spinn,Danny Brown,,,,Pitchfork
2015_69,Fourth of July,Sufjan Stevens,0,,,,,,Pitchfork
2015_68,Lionsong,Björk,0,,,,,,Pitchfork
2015_67,This Could Be Us,Rae Sremmurd,0,,,,,,Pitchfork
2015_66,Dumb,Jazmine Sullivan,1,,Meek Mill,,,,Pitchfork
2015_65,Living My Life,Deerhunter,0,,,,,,Pitchfork
2015_64,Angels,Chance the Rapper,1,,Saba,,,,Pitchfork
2015_63,Shadow,Chromatics,0,,,,,,Pitchfork
2015_62,Sandra's Smile,Blood Orange,0,,,,,,Pitchfork
2015_61,G.L.O.S.S. (We're From the Future),G.L.O.S.S.,0,,,,,,Pitchfork
2015_60,Annie,Neon Indian,0,,,,,,Pitchfork
2015_59,Hell You Talmbout,Janelle Monáe,1,Wondaland Records,,,,,Pitchfork
2015_58,Fight (Nymphs IV),Nicolas Jaar,0,,,,,,Pitchfork
2015_57,Dream Lover,Destroyer,0,,,,,,Pitchfork
2015_56,Grief,Earl Sweatshirt,0,,,,,,Pitchfork
2015_55,Inhale Exhale,Nao,0,,,,,,Pitchfork
2015_54,Oui,Jeremih,0,,,,,,Pitchfork
2015_53,4 Degrees,ANOHNI,0,,,,,,Pitchfork
2015_52,in time,FKA twigs,0,,,,,,Pitchfork
2015_51,Blackstar,David Bowie,0,,,,,,Pitchfork
2015_50,Pretty Pimpin,Kurt Vile,0,,,,,,Pitchfork
2015_49,Sparks,Beach House,0,,,,,,Pitchfork
2015_48,Rewind,Kelela,0,,,,,,Pitchfork
2015_47,Genocide,Dr. Dre,1,,Kendrick Lamar,Marsha Ambrosius,C,ice Pillay,Pitchfork
2015_46,Sticky Drama,Oneohtrix Point Never,0,,,,,,Pitchfork
2015_45,Leaving the City,Joanna Newsom,0,,,,,,Pitchfork
2015_44,Pedestrian at Best,Courtney Barnett,0,,,,,,Pitchfork
2015_43,Flex,Rich Homie Quan,0,,,,,,Pitchfork
2015_42,I Serve the Base,Future,0,,,,,,Pitchfork
2015_41,A New Wave,Sleater-Kinney,0,,,,,,Pitchfork
2015_40,All Day,Kanye West,1,,Allan Kingdom,Theophilus London,Paul McCartney,,Pitchfork
2015_39,Kill V. Maim,Grimes,0,,,,,,Pitchfork
2015_38,Where Are Ü Now,Jack Ü,1,,Justin Bieber,,,,Pitchfork
2015_37,No Sleeep,Janet Jackson,0,,,,,,Pitchfork
2015_36,Loud Places,Jamie xx,1,,Romy,,,,Pitchfork
2015_35,Energy,Drake,0,,,,,,Pitchfork
2015_34,Cha Cha,D.R.A.M.,0,,,,,,Pitchfork
2015_33,Tropic of Cancer,Panda Bear,0,,,,,,Pitchfork
2015_32,Here,Alessia Cara,0,,,,,,Pitchfork
2015_31,The Rhythm Changes,Kamasi Washington,0,,,,,,Pitchfork
2015_30,WTF (Where They From),Missy Elliott,1,,Pharrell,,,,Pitchfork
2015_29,Feel You,Julia Holter,0,,,,,,Pitchfork
2015_28,Run Away With Me,Carly Rae Jepsen,0,,,,,,Pitchfork
2015_27,Them Changes,Thundercat,0,,,,,,Pitchfork
2015_26,Eventually,Tame Impala,0,,,,,,Pitchfork
2015_25,Sugah Daddy,D'Angelo,0,,,,,,Pitchfork
2015_24,Cel U Lar Device,Erykah Badu,0,,,,,,Pitchfork
2015_23,March Madness,Future,0,,,,,,Pitchfork
2015_22,Know Yourself,Drake,0,,,,,,Pitchfork
2015_21,The Blacker the Berry,Kendrick Lamar,0,,,,,,Pitchfork
2015_20,Trap Queen,Fetty Wap,0,,,,,,Pitchfork
2015_19,Norf Norf,Vince Staples,0,,,,,,Pitchfork
2015_18,Gosh,Jamie xx,0,,,,,,Pitchfork
2015_17,REALiTi,Grimes,0,,,,,,Pitchfork
2015_16,Sunday Candy,Donnie Trumpet & the Social Experiment,0,,,,,,Pitchfork
2015_15,Hello,Adele,0,,,,,,Pitchfork
2015_14,Coffee,Miguel,0,,,,,,Pitchfork
2015_13,Bitch Better Have My Money,Rihanna,0,,,,,,Pitchfork
2015_12,Can’t Feel My Face,The Weeknd,0,,,,,,Pitchfork
2015_11,Should Have Known Better,Sufjan Stevens,0,,,,,,Pitchfork
2015_10,Lift Me Up,Vince Staples,0,,,,,,Pitchfork
2015_9,Depreston,Courtney Barnett,0,,,,,,Pitchfork
2015_8,Really Love,D'Angelo,0,,,,,,Pitchfork
2015_7,Flesh Without Blood,Grimes,0,,,,,,Pitchfork
2015_6,Constantly Hating,Young Thug,1,,Birdman,,,,Pitchfork
2015_5,Let It Happen,Tame Impala,0,,,,,,Pitchfork
2015_4,King Kunta,Kendrick Lamar,0,,,,,,Pitchfork
2015_3,I Know There’s Gonna Be (Good Times),Jamie xx,1,,Young Thug,Popcaan,,,Pitchfork
2015_2,Hotline Bling,Drake,0,,,,,,Pitchfork
2015_1,Alright,Kendrick Lamar,0,,,,,,Pitchfork
2016_100,Kiss,Lil Peep,0,,,,,,Pitchfork
2016_99,Welcome to Earth (Pollywog),Sturgill Simpson,0,,,,,,Pitchfork
2016_98,Deadbeat Protest,Moor Mother,0,,,,,,Pitchfork
2016_97,Randomness,Olga Bell,0,,,,,,Pitchfork
2016_96,Vibin in This Bih,Kodak Black,1,,Gucci Mane,,,,Pitchfork
2016_95,I’m On,Kamaiyah,0,,,,,,Pitchfork
2016_94,Wonderful,Cate Le Bon,0,,,,,,Pitchfork
2016_93,When It Rain,Danny Brown,0,,,,,,Pitchfork
2016_92,Can't Stop Fighting,Sheer Mag,0,,,,,,Pitchfork
2016_91,No Heart,21 Savage,1,Metro Boomin,,,,,Pitchfork
2016_90,Old Friends,Pinegrove,0,,,,,,Pitchfork
2016_89,On the Lips,Frankie Cosmos,0,,,,,,Pitchfork
2016_88,Needed Me,Rihanna,0,,,,,,Pitchfork
2016_87,In Common,Alicia Keys,0,,,,,,Pitchfork
2016_86,Sunday Love,Bat for Lashes,0,,,,,,Pitchfork
2016_85,Sister,Angel Olsen,0,,,,,,Pitchfork
2016_84,Give Violence a Chance,G.L.O.S.S.,0,,,,,,Pitchfork
2016_83,Promises of Fertility,Huerco S.,0,,,,,,Pitchfork
2016_82,Into You,Ariana Grande,0,,,,,,Pitchfork
2016_81,Golden Chords,Deakin,0,,,,,,Pitchfork
2016_80,The Wheel,PJ Harvey,0,,,,,,Pitchfork
2016_79,Qwazars,Mr. Fingers,0,,,,,,Pitchfork
2016_78,blisters,serpentwithfeet,0,,,,,,Pitchfork
2016_77,Man,Skepta,0,,,,,,Pitchfork
2016_76,30 Keys,Ka,0,,,,,,Pitchfork
2016_75,Pick Up the Phone,Travis Scott and Young Thug,1,,Quavo,,,,Pitchfork
2016_74,Somebody Else,The 1975,0,,,,,,Pitchfork
2016_73,That Part,Schoolboy Q,0,,,,,,Pitchfork
2016_72,Lonely World,Moses Sumney,0,,,,,,Pitchfork
2016_71,Smile,Isaiah Rashad,0,,,,,,Pitchfork
2016_70,Existence in the Unfurling,Kaitlyn Aurelia Smith,0,,,,,,Pitchfork
2016_69,Prima Donna,Vince Staples,1,,A$AP Rocky,,,,Pitchfork
2016_68,Girlfriend,Nao,0,,,,,,Pitchfork
2016_67,OOOUUU,Young M.A,0,,,,,,Pitchfork
2016_66,The Greatest,KING,0,,,,,,Pitchfork
2016_65,Adore,Savages,0,,,,,,Pitchfork
2016_64,Be Apart,Porches,0,,,,,,Pitchfork
2016_63,Bum Bum Bum,Cass McCombs,0,,,,,,Pitchfork
2016_62,Controlla,Drake,0,,,,,,Pitchfork
2016_61,Blood on Me,Sampha,0,,,,,,Pitchfork
2016_60,1990x,Maxwell,0,,,,,,Pitchfork
2016_59,No Woman,Whitney,0,,,,,,Pitchfork
2016_58,Digits,Young Thug,0,,,,,,Pitchfork
2016_57,VRY BLK,Jamila Woods,1,,Noname,,,,Pitchfork
2016_56,Panda,Desiigner,0,,,,,,Pitchfork
2016_55,1st Day Out tha Feds,Gucci Mane,0,,,,,,Pitchfork
2016_54,Hallucinations,dvsn,0,,,,,,Pitchfork
2016_53,Glowed Up,Kaytranada,1,,Anderson .Paak,,,,Pitchfork
2016_52,Who Shot Me?,YG,0,,,,,,Pitchfork
2016_51,Earth to Heaven,Esperanza Spalding,0,,,,,,Pitchfork
2016_50,Human Performance,Parquet Courts,0,,,,,,Pitchfork
2016_49,CHEETAHT2 [Ld spectrum,Aphex Twin,0,,,,,,Pitchfork
2016_48,E.V.P.,Blood Orange,0,,,,,,Pitchfork
2016_47,All Night,Chance the Rapper,1,,Knox Fortune,,,,Pitchfork
2016_46,A 1000 Times,Hamilton Leithauser,1,Rostam,,,,,Pitchfork
2016_45,I Have Been to the Mountain,Kevin Morby,0,,,,,,Pitchfork
2016_44,Come Down,Anderson .Paak,0,,,,,,Pitchfork
2016_43,Girls @,Joey Purp,1,,Chance the Rapper,,,,Pitchfork
2016_42,Lockjaw,French Montana,1,,Kodak Black,,,,Pitchfork
2016_41,Sorry,Beyoncé,0,,,,,,Pitchfork
2016_40,Kanye West,Young Thug,0,,,,,,Pitchfork
2016_39,It Means I Love You,Jessy Lanza,0,,,,,,Pitchfork
2016_38,Do You Need My Love,Weyes Blood,0,,,,,,Pitchfork
2016_37,Yesterday,Noname,0,,,,,,Pitchfork
2016_36,untitled 02 | 06.23.2014.,Kendrick Lamar,0,,,,,,Pitchfork
2016_35,2 Phones,Kevin Gates,0,,,,,,Pitchfork
2016_34,Summer Friends,Chance the Rapper,1,,Jeremih,Francis and the Lights,,,Pitchfork
2016_33,Broccoli,D.R.A.M.,1,,Lil Yachty,,,,Pitchfork
2016_32,No More Parties in LA,Kanye West,1,,Kendrick Lamar,,,,Pitchfork
2016_31,Dis Generation,A Tribe Called Quest,0,,,,,,Pitchfork
2016_30,One Dance,Drake,1,,Wizkid,Kyla,,,Pitchfork
2016_29,22 (OVER S∞∞N),Bon Iver,0,,,,,,Pitchfork
2016_28,Hold Up,Beyoncé,0,,,,,,Pitchfork
2016_27,I Need You,Nick Cave & the Bad Seeds,0,,,,,,Pitchfork
2016_26,Really Doe,Danny Brown,1,,Kendrick Lamar,Ab-Soul,Earl Sweatshirt,,Pitchfork
2016_25,Nikes,Frank Ocean,0,,,,,,Pitchfork
2016_24,Daydreaming,Radiohead,0,,,,,,Pitchfork
2016_23,I Can't Give Everything Away,David Bowie,0,,,,,,Pitchfork
2016_22,Conceptual Romance,Jenny Hval,0,,,,,,Pitchfork
2016_21,Don’t Touch My Hair,Solange,1,,Sampha,,,,Pitchfork
2016_20,Fill in the Blank,Car Seat Headrest,0,,,,,,Pitchfork
2016_19,You Want It Darker,Leonard Cohen,0,,,,,,Pitchfork
2016_18,33 ‘GOD’,Bon Iver,0,,,,,,Pitchfork
2016_17,Am I Wrong,Anderson .Paak,0,,,,,,Pitchfork
2016_16,Your Best American Girl,Mitski,0,,,,,,Pitchfork
2016_15,Best to You,Blood Orange,1,,Empress Of,,,,Pitchfork
2016_14,Real Friends,Kanye West,0,,,,,,Pitchfork
2016_13,Pink + White,Frank Ocean,0,,,,,,Pitchfork
2016_12,No Problem,Chance the Rapper,1,,2 Chainz,Lil Wayne,,,Pitchfork
2016_11,We the People...,A Tribe Called Quest,0,,,,,,Pitchfork
2016_10,Black Beatles,Rae Sremmurd,1,,Gucci Mane,,,,Pitchfork
2016_9,True Love Waits,Radiohead,0,,,,,,Pitchfork
2016_8,Shut Up Kiss Me,Angel Olsen,0,,,,,,Pitchfork
2016_7,Work,Rihanna,1,,Drake,,,,Pitchfork
2016_6,Drone Bomb Me,ANOHNI,0,,,,,,Pitchfork
2016_5,Lazarus,David Bowie,0,,,,,,Pitchfork
2016_4,Ivy,Frank Ocean,0,,,,,,Pitchfork
2016_3,Cranes in the Sky,Solange,0,,,,,,Pitchfork
2016_2,Formation,Beyoncé,0,,,,,,Pitchfork
2016_1,Ultralight Beam,Kanye West,1,,Chance the Rapper,The-Dream,Kelly Price,Kirk Franklin,Pitchfork
2017_100,On + Off,Maggie Rogers,0,,,,,,Pitchfork
2017_99,Build You Up,Kamaiyah,0,,,,,,Pitchfork
2017_98,Percolator,Charly Bliss,0,,,,,,Pitchfork
2017_97,Wild Thoughts,DJ Khaled,1,,Rihanna,Bryson Tiller,,,Pitchfork
2017_96,Rake It Up,Yo Gotti,1,,Nicki Minaj,,,,Pitchfork
2017_95,A Wall,Downtown Boys,0,,,,,,Pitchfork
2017_94,The Embers,Vagabon,0,,,,,,Pitchfork
2017_93,Man’s Not Hot,Big Shaq,0,,,,,,Pitchfork
2017_92,Midnight,Jessie Ware,0,,,,,,Pitchfork
2017_91,The One to Wait,CCFX,0,,,,,,Pitchfork
2017_90,Mi Gente  (Remix),J Balvin,1,Willy William,Beyoncé,,,,Pitchfork
2017_89,Little Bubble,Dirty Projectors,0,,,,,,Pitchfork
2017_88,Pa’lante,Hurray for the Riff Raff,0,,,,,,Pitchfork
2017_87,Sign of the Times,Harry Styles,0,,,,,,Pitchfork
2017_86,Dream Daddy,Baths,0,,,,,,Pitchfork
2017_85,I’m Better,Missy Elliott,1,,Lamb,,,,Pitchfork
2017_84,Hug of Thunder,Broken Social Scene,0,,,,,,Pitchfork
2017_83,Location,Playboi Carti,0,,,,,,Pitchfork
2017_82,Siphon,Zola Jesus,0,,,,,,Pitchfork
2017_81,The System Only Dreams in Total Darkness,The National,0,,,,,,Pitchfork
2017_80,Quarrel,Moses Sumney,0,,,,,,Pitchfork
2017_79,He Is the Voice I Hear,The Black Madonna,0,,,,,,Pitchfork
2017_78,On Hold,The xx,0,,,,,,Pitchfork
2017_77,Big for Your Boots,Stormzy,0,,,,,,Pitchfork
2017_76,Anxi,Kelly Lee Owens,1,,Jenny Hval,,,,Pitchfork
2017_75,Bank Account,21 Savage,0,,,,,,Pitchfork
2017_74,Pull Up Wit Ah Stick,SahBabii,1,,Loso Loaded,,,,Pitchfork
2017_73,Bobby,(Sandy) Alex G,0,,,,,,Pitchfork
2017_72,Want You Back,Haim,0,,,,,,Pitchfork
2017_71,Die 4 You,Perfume Genius,0,,,,,,Pitchfork
2017_70,Did You See,J Hus,0,,,,,,Pitchfork
2017_69,Only Once Away My Son,Brian Eno,1,Kevin Shields,,,,,Pitchfork
2017_68,The Pure and the Damned,Oneohtrix Point Never,1,,Iggy Pop,,,,Pitchfork
2017_67,GUMMY,BROCKHAMPTON,0,,,,,,Pitchfork
2017_66,BagBak,Vince Staples,0,,,,,,Pitchfork
2017_65,Need to Feel Your Love,Sheer Mag,0,,,,,,Pitchfork
2017_64,Golden Cage’’,Nilüfer Yanya,0,,,,,,Pitchfork
2017_63,Turn Out the Lights,Julien Baker,0,,,,,,Pitchfork
2017_62,Unforgettable,French Montana,1,,Swae Lee,,,,Pitchfork
2017_61,123’’,Girlpool,0,,,,,,Pitchfork
2017_60,Marilyn,Mount Kimbie,1,,Micachu,,,,Pitchfork
2017_59,Natural Blue,Julie Byrne,0,,,,,,Pitchfork
2017_58,LOYALTY.,Kendrick Lamar,1,,Rihanna,,,,Pitchfork
2017_57,Total Entertainment Forever,Father John Misty,0,,,,,,Pitchfork
2017_56,Czech One,King Krule,0,,,,,,Pitchfork
2017_55,Planet’’,Four Tet,0,,,,,,Pitchfork
2017_54,An Intention,Kaitlyn Aurelia Smith,0,,,,,,Pitchfork
2017_53,Undercover,Kehlani,0,,,,,,Pitchfork
2017_52,Incredible,Future,0,,,,,,Pitchfork
2017_51,Hard Times,Paramore,0,,,,,,Pitchfork
2017_50,Show You the Way,Thundercat,1,,Michael McDonald,Kenny Loggins,,,Pitchfork
2017_49,Mythological Beauty,Big Thief,0,,,,,,Pitchfork
2017_48,Bad Liar,Selena Gomez,0,,,,,,Pitchfork
2017_47,Crew,GoldLink,1,,Brent Faiyaz,Shy Glizzy,,,Pitchfork
2017_46,Star Roving,Slowdive,0,,,,,,Pitchfork
2017_45,Slip Away,Perfume Genius,0,,,,,,Pitchfork
2017_44,To the Moon and Back,Fever Ray,0,,,,,,Pitchfork
2017_43,The Bus Song,Jay Som,0,,,,,,Pitchfork
2017_42,The Louvre,Lorde,0,,,,,,Pitchfork
2017_41,Nothing Feels Natural,Priests,0,,,,,,Pitchfork
2017_40,911/Mr. Lonely,"Tyler, the Creator",1,,Frank Ocean,Steve Lacy,,,Pitchfork
2017_39,LOVE.,Kendrick Lamar,1,,Zacari,,,,Pitchfork
2017_38,Deadly Valentine,Charlotte Gainsbourg,0,,,,,,Pitchfork
2017_37,Deathless,Ibeyi,1,,Kamasi Washington,,,,Pitchfork
2017_36,Doomed’’,Moses Sumney,0,,,,,,Pitchfork
2017_35,On My Mind’’,Jorja Smith,0,,,,,,Pitchfork
2017_34,How Do You Sleep?,LCD Soundsystem,0,,,,,,Pitchfork
2017_33,Biking,Frank Ocean,1,,JAY-Z,"Tyler, the Creator",,,Pitchfork
2017_32,Nyakinyua Rise,Jlin,0,,,,,,Pitchfork
2017_31,Big Fish’’,Vince Staples,0,,,,,,Pitchfork
2017_30,Cut to the Feeling,Carly Rae Jepsen,0,,,,,,Pitchfork
2017_29,Truth,Kamasi Washington,0,,,,,,Pitchfork
2017_28,Love,Lana Del Rey,0,,,,,,Pitchfork
2017_27,(No One Knows Me) Like the Piano,Sampha,0,,,,,,Pitchfork
2017_26,LMK’’,Kelela,0,,,,,,Pitchfork
2017_25,The Opener’’,Camp Cope,0,,,,,,Pitchfork
2017_24,New York’’,St. Vincent,0,,,,,,Pitchfork
2017_23,Drink I’m Sippin On,Yaeji,0,,,,,,Pitchfork
2017_22,The Weekend,SZA,0,,,,,,Pitchfork
2017_21,T-Shirt,Migos,0,,,,,,Pitchfork
2017_20,Slide,Calvin Harris,1,,Frank Ocean,Migos,,,Pitchfork
2017_19,IDK About You,Fever Ray,0,,,,,,Pitchfork
2017_18,Baby Luv,Nilüfer Yanya,0,,,,,,Pitchfork
2017_17,Thinking of a Place,The War on Drugs,0,,,,,,Pitchfork
2017_16,Magnolia,Playboi Carti,0,,,,,,Pitchfork
2017_15,The Gate,Björk,0,,,,,,Pitchfork
2017_14,Real Death,Mount Eerie,0,,,,,,Pitchfork
2017_13,The Story of O.J.,JAY-Z,0,,,,,,Pitchfork
2017_12,Passionfruit,Drake,0,,,,,,Pitchfork
2017_11,HUMBLE.,Kendrick Lamar,0,,,,,,Pitchfork
2017_10,Boys,Charli XCX,0,,,,,,Pitchfork
2017_9,Frontline,Kelela,0,,,,,,Pitchfork
2017_8,Mask Off,Future,0,,,,,,Pitchfork
2017_7,Dum Surfer,King Krule,0,,,,,,Pitchfork
2017_6,Chanel,Frank Ocean,0,,,,,,Pitchfork
2017_5,XO TOUR Llif3,Lil Uzi Vert,0,,,,,,Pitchfork
2017_4,Love Galore,SZA,1,,Travis Scott,,,,Pitchfork
2017_3,Green Light,Lorde,0,,,,,,Pitchfork
2017_2,DNA,Kendrick Lamar,0,,,,,,Pitchfork
2017_1,Bodak Yellow,Cardi B,0,,,,,,Pitchfork
2018_100,Rich & Sad,Post Malone,0,,,,,,Pitchfork
2018_99,Stock Image,Miya Folick,0,,,,,,Pitchfork
2018_98,Self Care,Mac Miller,0,,,,,,Pitchfork
2018_97,In My View,Young Fathers,0,,,,,,Pitchfork
2018_96,Comeback Kid,Sharon Van Etten,0,,,,,,Pitchfork
2018_95,Moon River,Frank Ocean,0,,,,,,Pitchfork
2018_94,Love Me Right,Amber Mark,0,,,,,,Pitchfork
2018_93,T69 Collapse,Aphex Twin,0,,,,,,Pitchfork
2018_92,Track 10,Charli XCX,0,,,,,,Pitchfork
2018_91,Ring the Alarm,700 Bliss,0,,,,,,Pitchfork
2018_90,Hate the Real Me,Future,0,,,,,,Pitchfork
2018_89,Party for One,Carly Rae Jepsen,0,,,,,,Pitchfork
2018_88,Anna Wintour,Azealia Banks,0,,,,,,Pitchfork
2018_87,Stir Fry,Migos,0,,,,,,Pitchfork
2018_86,Distortion,Mount Eerie,0,,,,,,Pitchfork
2018_85,APESHIT,The Carters,0,,,,,,Pitchfork
2018_84,Vlone,Valee,0,,,,,,Pitchfork
2018_83,Believe,Amen Dunes,0,,,,,,Pitchfork
2018_82,Macaulay Culkin,JPEGMAFIA,0,,,,,,Pitchfork
2018_81,Life Is Beautiful,Lil Peep,0,,,,,,Pitchfork
2018_80,Thanks 4 Nothing,Nilüfer Yanya,0,,,,,,Pitchfork
2018_79,Sticky,Ravyn Lenae,0,,,,,,Pitchfork
2018_78,The River,Lolina,0,,,,,,Pitchfork
2018_77,OKRA,"Tyler, the Creator",0,,,,,,Pitchfork
2018_76,Devotion,Tirzah,1,,Coby Sey,,,,Pitchfork
2018_75,Hyper-Intelligent Genetically Enriched Cyborg,Helena Hauff,0,,,,,,Pitchfork
2018_74,Noid,Yves Tumor,0,,,,,,Pitchfork
2018_73,Sold Out Dates,Gunna,1,,Lil Baby,,,,Pitchfork
2018_72,Ladies,Slowthai,0,,,,,,Pitchfork
2018_71,Best Years of My Life,Pistol Annies,0,,,,,,Pitchfork
2018_70,Fists of Fury,Kamasi Washington,0,,,,,,Pitchfork
2018_69,Work It,Marie Davidson,0,,,,,,Pitchfork
2018_68,When I’m With Him,Empress Of,0,,,,,,Pitchfork
2018_67,Boys,Lizzo,0,,,,,,Pitchfork
2018_66,bless ur heart,serpentwithfeet,0,,,,,,Pitchfork
2018_65,Sweetener,Ariana Grande,0,,,,,,Pitchfork
2018_64,Loading Zones,Kurt Vile,0,,,,,,Pitchfork
2018_63,Heat Wave,Snail Mail,0,,,,,,Pitchfork
2018_62,Hands,Octavian,0,,,,,,Pitchfork
2018_61,Having Been Is No Way to Be,Jeff Tweedy,0,,,,,,Pitchfork
2018_60,It’s Not Living (If It’s Not With You),The 1975,0,,,,,,Pitchfork
2018_59,Four Out of Five,Arctic Monkeys,0,,,,,,Pitchfork
2018_58,Heaven’s Only Wishful,MorMor,0,,,,,,Pitchfork
2018_57,Look Alive,BlocBoy JB,1,,Drake,,,,Pitchfork
2018_56,Miki Dora,Amen Dunes,0,,,,,,Pitchfork
2018_55,One More,Yaeji,0,,,,,,Pitchfork
2018_54,I Do,Cardi B,1,,SZA,,,,Pitchfork
2018_53,Wanted,Sheck Wes,0,,,,,,Pitchfork
2018_52,My Queen Is Harriet Tubman,Sons of Kemet,0,,,,,,Pitchfork
2018_51,In Another Life,Sandro Perri,0,,,,,,Pitchfork
2018_50,Night Shift,Lucy Dacus,0,,,,,,Pitchfork
2018_49,Always Trying to Work It Out,Low,0,,,,,,Pitchfork
2018_48,Your Dog,Soccer Mommy,0,,,,,,Pitchfork
2018_47,The Eye,Empath,0,,,,,,Pitchfork
2018_46,High Horse,Kacey Musgraves,0,,,,,,Pitchfork
2018_45,Hungry Hippo,Tierra Whack,0,,,,,,Pitchfork
2018_44,This Time Around,Jessica Pratt,0,,,,,,Pitchfork
2018_43,Rage,Rico Nasty,0,,,,,,Pitchfork
2018_42,Geyser,Mitski,0,,,,,,Pitchfork
2018_41,Shallow,Lady Gaga,1,Bradley Cooper,,,,,Pitchfork
2018_40,Powerglide,Rae Sremmurd,1,,Juicy J,,,,Pitchfork
2018_39,December 24,Earl Sweatshirt,0,,,,,,Pitchfork
2018_38,FUN!,Vince Staples,0,,,,,,Pitchfork
2018_37,Venice Bitch,Lana Del Rey,0,,,,,,Pitchfork
2018_36,Lifetime,Yves Tumor,0,,,,,,Pitchfork
2018_35,Rosebud,U.S. Girls,0,,,,,,Pitchfork
2018_34,Charcoal Baby,Blood Orange,0,,,,,,Pitchfork
2018_33,I Shall Love 2,Julia Holter,0,,,,,,Pitchfork
2018_32,Confirmation,Westerman,0,,,,,,Pitchfork
2018_31,The Story of Adidon,Pusha-T,0,,,,,,Pitchfork
2018_30,Make Me Feel,Janelle Monáe,0,,,,,,Pitchfork
2018_29,Falling Into Me,Let’s Eat Grandma,0,,,,,,Pitchfork
2018_28,It Makes You Forget (Itgehane),Peggy Gou,0,,,,,,Pitchfork
2018_27,In My Feelings,Drake,0,,,,,,Pitchfork
2018_26,Lemon Glow,Beach House,0,,,,,,Pitchfork
2018_25,The Opener,Camp Cope,0,,,,,,Pitchfork
2018_24,Middle America,Stephen Malkmus and the Jicks,0,,,,,,Pitchfork
2018_23,I Like It,Cardi B,1,,Bad Bunny,J Balvin,,,Pitchfork
2018_22,Is It Cold in the Water?,SOPHIE,0,,,,,,Pitchfork
2018_21,5 dollars,Christine and the Queens,0,,,,,,Pitchfork
2018_20,Rank & File,Moses Sumney,0,,,,,,Pitchfork
2018_19,Sicko Mode,Travis Scott,1,,Drake,,,,Pitchfork
2018_18,Boo’d Up,Ella Mai,0,,,,,,Pitchfork
2018_17,My My My!,Troye Sivan,0,,,,,,Pitchfork
2018_16,I Woke Up in a Fucked-Up America,Lonnie Holley,0,,,,,,Pitchfork
2018_15,Missing U,Robyn,0,,,,,,Pitchfork
2018_14,Womp Womp,Valee,1,,Jeremih,,,,Pitchfork
2018_13,Self,Noname,0,,,,,,Pitchfork
2018_12,Me & My Dog,boygenius,0,,,,,,Pitchfork
2018_11,Slow Burn,Kacey Musgraves,0,,,,,,Pitchfork
2018_10,Duck Duck Goose,CupcakKe,0,,,,,,Pitchfork
2018_9,Nobody,Mitski,0,,,,,,Pitchfork
2018_8,"thank u, next",Ariana Grande,0,,,,,,Pitchfork
2018_7,New Patek,Lil Uzi Vert,0,,,,,,Pitchfork
2018_6,Pristine,Snail Mail,0,,,,,,Pitchfork
2018_5,Pick Up,DJ Koze,0,,,,,,Pitchfork
2018_4,Nice for What,Drake,0,,,,,,Pitchfork
2018_3,Malamente (Cap. 1: Augurio),Rosalía,0,,,,,,Pitchfork
2018_2,Honey,Robyn,0,,,,,,Pitchfork
2018_1,Love It If We Made It,The 1975,0,,,,,,Pitchfork
2019_100,If I Can’t Have You,Shawn Mendes,0,,,,,,Pitchfork
2019_99,Fuck Dat,DJ Nate,0,,,,,,Pitchfork
2019_98,13th Century Metal,Brittany Howard,0,,,,,,Pitchfork
2019_97,Claim It,Klein,0,,,,,,Pitchfork
2019_96,Thinkin Bout You,Ciara,0,,,,,,Pitchfork
2019_95,Get Well Soon,Boy Scouts,0,,,,,,Pitchfork
2019_94,It’s Up Freestyle,Lil Keed,0,,,,,,Pitchfork
2019_93,Downhill Lullaby,Sky Ferreira,0,,,,,,Pitchfork
2019_92,Incapable,Róisín Murphy,0,,,,,,Pitchfork
2019_91,Superbike,Jay Som,0,,,,,,Pitchfork
2019_90,placeholder,Hand Habits,0,,,,,,Pitchfork
2019_89,Office Rage,Control Top,0,,,,,,Pitchfork
2019_88,My Type,Saweetie,0,,,,,,Pitchfork
2019_87,Lover,Taylor Swift,0,,,,,,Pitchfork
2019_86,Bird,Bedouine,0,,,,,,Pitchfork
2019_85,Flyin’,Duwap Kaine,0,,,,,,Pitchfork
2019_84,New Apartment,Ari Lennox,0,,,,,,Pitchfork
2019_83,Drømmen om Ø (Forever Mix ’19),Kasper Marott,0,,,,,,Pitchfork
2019_82,At the Party,Black Belt Eagle Scout,0,,,,,,Pitchfork
2019_81,What’s the Move,Young Thug,1,,Lil Uzi Vert,,,,Pitchfork
2019_80,bmbmbm,black midi,0,,,,,,Pitchfork
2019_79,Flood,Vagabon,0,,,,,,Pitchfork
2019_78,NCAA,2 Chainz,0,,,,,,Pitchfork
2019_77,New Tribe,Powder,0,,,,,,Pitchfork
2019_76,Roses That Cry,Empath,0,,,,,,Pitchfork
2019_75,One Sick Plan,Oso Oso,0,,,,,,Pitchfork
2019_74,Room Temperature,Faye Webster,0,,,,,,Pitchfork
2019_73,Meet Again,Maxo Kream,0,,,,,,Pitchfork
2019_72,Dumebi,Rema,0,,,,,,Pitchfork
2019_71,Ransom,Lil Tecca,0,,,,,,Pitchfork
2019_70,Hurry on Home,Sleater-Kinney,0,,,,,,Pitchfork
2019_69,Home,Caribou,0,,,,,,Pitchfork
2019_68,About Work the Dancefloor,Georgia,0,,,,,,Pitchfork
2019_67,sad day,FKA twigs,0,,,,,,Pitchfork
2019_66,Throne,Koffee,0,,,,,,Pitchfork
2019_65,I Need You,Octo Octa,0,,,,,,Pitchfork
2019_64,Capacity,Charly Bliss,0,,,,,,Pitchfork
2019_63,Pop Out,Polo G,1,,Lil Tjay,,,,Pitchfork
2019_62,Aeroplane,Jessica Pratt,0,,,,,,Pitchfork
2019_61,money machine,100 gecs,0,,,,,,Pitchfork
2019_60,Love Without Possession,Mount Eerie,0,,,,,,Pitchfork
2019_59,Fashionista,Chai,0,,,,,,Pitchfork
2019_58,Anybody,Burna Boy,0,,,,,,Pitchfork
2019_57,Summer Girl,Haim,0,,,,,,Pitchfork
2019_56,Bromley,Joy Overmono,0,,,,,,Pitchfork
2019_55,Freelance,Toro y Moi,0,,,,,,Pitchfork
2019_54,Vossi Bop,Stormzy,0,,,,,,Pitchfork
2019_53,Juice,Lizzo,0,,,,,,Pitchfork
2019_52,Wasted Youth,Jenny Lewis,0,,,,,,Pitchfork
2019_51,Starry Night,Peggy Gou,0,,,,,,Pitchfork
2019_50,Toyota Man,Neon Indian,0,,,,,,Pitchfork
2019_49,Dark Web,Teejayx6,0,,,,,,Pitchfork
2019_48,ZORA,Jamila Woods,0,,,,,,Pitchfork
2019_47,Door,Caroline Polachek,0,,,,,,Pitchfork
2019_46,Eye in the Wall,Perfume Genius,0,,,,,,Pitchfork
2019_45,NASA,Ariana Grande,0,,,,,,Pitchfork
2019_44,RICKY,Denzel Curry,0,,,,,,Pitchfork
2019_43,Pissy Pamper,Young Nudy,1,Playboi Carti,,,,,Pitchfork
2019_42,Stay High,Brittany Howard,0,,,,,,Pitchfork
2019_41,Welcome to the Party,Pop Smoke,0,,,,,,Pitchfork
2019_40,In Your Head,Nilüfer Yanya,0,,,,,,Pitchfork
2019_39,747,Bill Callahan,0,,,,,,Pitchfork
2019_38,Hello Sunshine,Bruce Springsteen,0,,,,,,Pitchfork
2019_37,Only Human,Four Tet,0,,,,,,Pitchfork
2019_36,What Happens to People?,Deerhunter,0,,,,,,Pitchfork
2019_35,People,The 1975,0,,,,,,Pitchfork
2019_34,True Blue,Mark Ronson,1,,Angel Olsen,,,,Pitchfork
2019_33,The Barrel,Aldous Harding,0,,,,,,Pitchfork
2019_32,Cattails,Big Thief,0,,,,,,Pitchfork
2019_31,Sympathy,Vampire Weekend,0,,,,,,Pitchfork
2019_30,Time Flies,Rico Nasty,0,,,,,,Pitchfork
2019_29,Daylight Matters,Cate Le Bon,0,,,,,,Pitchfork
2019_28,Andromeda,Weyes Blood,0,,,,,,Pitchfork
2019_27,"Hey, Ma",Bon Iver,0,,,,,,Pitchfork
2019_26,Dirty Laundry,Danny Brown,0,,,,,,Pitchfork
2019_25,Ashes to Ashes,Jenny Hval,0,,,,,,Pitchfork
2019_24,All Mirrors,Angel Olsen,0,,,,,,Pitchfork
2019_23,Running,Helado Negro,0,,,,,,Pitchfork
2019_22,hope is a dangerous thing for a woman like me to have - but i have it,Lana Del Rey,0,,,,,,Pitchfork
2019_21,Gretel,(Sandy) Alex G,0,,,,,,Pitchfork
2019_20,Suge (Yea Yea),DaBaby,0,,,,,,Pitchfork
2019_19,He,Jai Paul,0,,,,,,Pitchfork
2019_18,Old Town Road,Lil Nas X,0,,,,,,Pitchfork
2019_17,Snow Is Falling in Manhattan,Purple Mountains,0,,,,,,Pitchfork
2019_16,Drunk II,Mannequin Pussy,0,,,,,,Pitchfork
2019_15,Free Uzi,Lil Uzi Vert,0,,,,,,Pitchfork
2019_14,Motivation,Normani,0,,,,,,Pitchfork
2019_13,Lark,Angel Olsen,0,,,,,,Pitchfork
2019_12,Cash Shit,Megan Thee Stallion,1,,DaBaby,,,,Pitchfork
2019_11,Binz,Solange,0,,,,,,Pitchfork
2019_10,bad guy,Billie Eilish,0,,,,,,Pitchfork
2019_9,Not,Big Thief,0,,,,,,Pitchfork
2019_8,Con Altura,Rosalía,1,J Balvin,,,,,Pitchfork
2019_7,Dawn Chorus,Thom Yorke,0,,,,,,Pitchfork
2019_6,Seventeen,Sharon Van Etten,0,,,,,,Pitchfork
2019_5,Caro,Bad Bunny,0,,,,,,Pitchfork
2019_4,Gone,Charli XCX,1,Christine and the Queens,,,,,Pitchfork
2019_3,Bags,Clairo,0,,,,,,Pitchfork
2019_2,The Greatest,Lana Del Rey,0,,,,,,Pitchfork
2019_1,cellophane,FKA twigs,0,,,,,,Pitchfork
2020_100,dominique,Ela Minus,1,,,,,,Pitchfork
2020_99,I Walk Alone With Acid,Pale Blue,1,,,,,,Pitchfork
2020_98,Dobby,1010 Benja SL,1,,,,,,Pitchfork
2020_97,Horrible Person,Caitlin Pasko,1,,,,,,Pitchfork
2020_96,Acid,Jockstrap,1,,,,,,Pitchfork
2020_95,Hula,Bullion,1,,,,,,Pitchfork
2020_94,Caution,The Killers,1,,,,,,Pitchfork
2020_93,Rockstar,DaBaby,1,,Roddy Ricch,,,,Pitchfork
2020_92,Hannah Sun,Lomelda,1,,,,,,Pitchfork
2020_91,WAKING UP DOWN,Yaeji,1,,,,,,Pitchfork
2020_90,Echos,Beatriz Ferreyra,1,,,,,,Pitchfork
2020_89,Care,beabadoobee,1,,,,,,Pitchfork
2020_88,Hate the Club,Kehlani,1,,Masego,,,,Pitchfork
2020_87,ADMSDP,DJ Python,1,,LA Warman,,,,Pitchfork
2020_86,Breathe Deeper,Tame Impala,1,,,,,,Pitchfork
2020_85,Don Dada,Cakes Da Killa,1,Proper Villains,,,,,Pitchfork
2020_84,IPHONE,Rico Nasty,1,,,,,,Pitchfork
2020_83,Suite pour l’invisible,Ana Roxanne,1,,,,,,Pitchfork
2020_82,Furies,Moor Mother,1,billy woods,,,,,Pitchfork
2020_81,River Dreams,Beverly Glenn-Copeland,1,,,,,,Pitchfork
2020_80,Hit Different,SZA,1,,Ty Dolla $ign,,,,Pitchfork
2020_79,Sayonara,Kate NV,1,,,,,,Pitchfork
2020_78,Backflip or Sumn,Drakeo the Ruler,1,JoogSzn,,,,,Pitchfork
2020_77,Sunblind,Fleet Foxes,1,,,,,,Pitchfork
2020_76,Tap In,Saweetie,1,,,,,,Pitchfork
2020_75,Long Road Home,Oneohtrix Point Never,1,,,,,,Pitchfork
2020_74,I Fell in Love,Helado Negro,1,,Xenia Rubinos,,,,Pitchfork
2020_73,Angel,Standing on the Corner,1,,,,,,Pitchfork
2020_72,Lockdown,Koffee,1,,,,,,Pitchfork
2020_71,mirrorball,Taylor Swift,1,,,,,,Pitchfork
2020_70,Scottie Beam,Freddie Gibbs,1,The Alchemist,Rick Ross,,,,Pitchfork
2020_69,The Box,Roddy Ricch,1,,,,,,Pitchfork
2020_68,Bittersweet,Lianne La Havas,1,,,,,,Pitchfork
2020_67,Mequetrefe,Arca,1,,,,,,Pitchfork
2020_66,Whole New Mess,Angel Olsen,1,,,,,,Pitchfork
2020_65,JU$T,Run the Jewels,1,,Pharrell Williams,Zach De La Rocha,,,Pitchfork
2020_64,Lick in Heaven,Jessy Lanza,1,,,,,,Pitchfork
2020_63,"I Love (Mimi, Moms, Kev)",Ka,1,,,,,,Pitchfork
2020_62,The Mackenzies,Bill Callahan,1,,,,,,Pitchfork
2020_61,The Neverending Story,Jay Electronica,1,,,,,,Pitchfork
2020_60,Gaslighter,The Chicks,1,,,,,,Pitchfork
2020_59,forever,Charli XCX,1,,,,,,Pitchfork
2020_58,Yo Perreo Sola,Bad Bunny,1,,,,,,Pitchfork
2020_57,Onyeka (Baby),Burna Boy,1,,,,,,Pitchfork
2020_56,Pussy Talk,City Girls,1,,Doja Cat,,,,Pitchfork
2020_55,Sweet,Porridge Radio,1,,,,,,Pitchfork
2020_54,Cue Synthesizer,Destroyer,1,,,,,,Pitchfork
2020_53,Free Joe Exotic,Bfb Da Packman,1,,Sada Baby,,,,Pitchfork
2020_52,QADIR,Nick Hakim,1,,,,,,Pitchfork
2020_51,I Know Alone,Haim,1,,,,,,Pitchfork
2020_50,Melt!,Kelly Lee Owens,1,,,,,,Pitchfork
2020_49,Physical,Dua Lipa,1,,,,,,Pitchfork
2020_48,Dragonball Durag,Thundercat,1,,,,,,Pitchfork
2020_47,The Ascension,Sufjan Stevens,1,,,,,,Pitchfork
2020_46,Guilty Conscience,070 Shake,1,,,,,,Pitchfork
2020_45,Ordinary Talk,Half Waif,1,,,,,,Pitchfork
2020_44,We Paid,Lil Baby,1,42 Dugg,,,,,Pitchfork
2020_43,Murphy’s Law,Róisín Murphy,1,,,,,,Pitchfork
2020_42,WHOLE WORLD,Earl Sweatshirt,1,,Maxo,,,,Pitchfork
2020_41,Kawasaki Backflip,Dogleg,1,,,,,,Pitchfork
2020_40,Like That Bitch,Flo Milli,1,,,,,,Pitchfork
2020_39,I Know the End,Phoebe Bridgers,1,,,,,,Pitchfork
2020_38,Bad Friend,Rina Sawayama,1,,,,,,Pitchfork
2020_37,Vanishing Twin,Blake Mills,1,,,,,,Pitchfork
2020_36,Mustang,Bartees Strange,1,,,,,,Pitchfork
2020_35,The Steps,Haim,1,,,,,,Pitchfork
2020_34,Song 33,Noname,1,,,,,,Pitchfork
2020_33,On My Own,Shamir,1,,,,,,Pitchfork
2020_32,the last great american dynasty,Taylor Swift,1,,,,,,Pitchfork
2020_31,Lilacs,Waxahatchee,1,,,,,,Pitchfork
2020_30,FANCY,Amaarae,1,,,,,,Pitchfork
2020_29,POP,Lil Uzi Vert,1,,,,,,Pitchfork
2020_28,If You’re Too Shy (Let Me Know),The 1975,1,,,,,,Pitchfork
2020_27,Loner,Dehd,1,,,,,,Pitchfork
2020_26,Laugh Now Cry Later,Drake,1,,Lil Durk,,,,Pitchfork
2020_25,hand crushed by a mallet (remix),100 gecs,1,,Fall Out Boy,Craig Owens,Nicole Dollanganger,,Pitchfork
2020_24,Robber,The Weather Station,1,,,,,,Pitchfork
2020_23,Blinding Lights,The Weeknd,1,,,,,,Pitchfork
2020_22,What’s Your Pleasure?,Jessie Ware,1,,,,,,Pitchfork
2020_21,For You,India Jordan,1,,,,,,Pitchfork
2020_20,Lost One,Jazmine Sullivan,1,,,,,,Pitchfork
2020_19,anything,Adrianne Lenker,1,,,,,,Pitchfork
2020_18,Both of Us,Jayda G,1,,,,,,Pitchfork
2020_17,Delete Forever,Grimes,1,,,,,,Pitchfork
2020_16,Fetch the Bolt Cutters,Fiona Apple,1,,,,,,Pitchfork
2020_15,Do It,Chloe x Halle,1,,,,,,Pitchfork
2020_14,4 American Dollars,U.S. Girls,1,,,,,,Pitchfork
2020_13,circle the drain,Soccer Mommy,1,,,,,,Pitchfork
2020_12,Cut Me,Moses Sumney,1,,,,,,Pitchfork
2020_11,Rain on Me,Lady Gaga,1,Ariana Grande,,,,,Pitchfork
2020_10,Fire,Waxahatchee,1,,,,,,Pitchfork
2020_9,Garden Song,Phoebe Bridgers,1,,,,,,Pitchfork
2020_8,Describe,Perfume Genius,1,,,,,,Pitchfork
2020_7,Gospel for a New Century,Yves Tumor,1,,,,,,Pitchfork
2020_6,Murder Most Foul,Bob Dylan,1,,,,,,Pitchfork
2020_5,Safaera,Bad Bunny,1,Jowell & Randy,,,,,Pitchfork
2020_4,Savage Remix,Megan Thee Stallion,1,,Beyoncé,,,,Pitchfork
2020_3,I Want You to Love Me,Fiona Apple,1,,,,,,Pitchfork
2020_2,"People, I’ve been sad",Christine and the Queens,1,,,,,,Pitchfork
2020_1,WAP,Cardi B,1,,Megan Thee Stallion,,,,Pitchfork
2021_100,"I am not a woman, I’m a god",Halsey,0,,,,,,Pitchfork
2021_99,Believer,Smerz,0,,,,,,Pitchfork
2021_98,Bottle Episode,"Mandy, Indiana",0,,,,,,Pitchfork
2021_97,Last Day on Earth,beabadoobee,0,,,,,,Pitchfork
2021_96,Being Honest,Kay Flock,0,,,,,,Pitchfork
2021_95,Look,Doss,0,,,,,,Pitchfork
2021_94,Get Into It (Yuh),Doja Cat,0,,,,,,Pitchfork
2021_93,Time Travel,Mavi,0,,,,,,Pitchfork
2021_92,Little Deer,SPELLLING,0,,,,,,Pitchfork
2021_91,We Don’t Have to Talk About It,Snoh Aalegra,0,,,,,,Pitchfork
2021_90,All Futures,The Armed,0,,,,,,Pitchfork
2021_89,Boing Beat,Danny L Harle,0,,,,,,Pitchfork
2021_88,Many Times,Dijon,0,,,,,,Pitchfork
2021_87,better,Joy Orbison,0,,,,,,Pitchfork
2021_86,2 You,Mariah the Scientist,0,,,,,,Pitchfork
2021_85,Twerkulator,City Girls,0,,,,,,Pitchfork
2021_84,Michelle Pfeiffer,Ethel Cain,0,,,,,,Pitchfork
2021_83,Damaged,Leo Bhanji,0,,,,,,Pitchfork
2021_82,Rare to Wake,Shannon Lay,0,,,,,,Pitchfork
2021_81,Gët Busy,Yeat,0,,,,,,Pitchfork
2021_80,4Runner,Rostam,0,,,,,,Pitchfork
2021_79,Quotations,Water From Your Eyes,0,,,,,,Pitchfork
2021_78,the rot,Dean Blunt,0,,,,,,Pitchfork
2021_77,Shelter Song,Iceage,0,,,,,,Pitchfork
2021_76,Parking Area,Foodman,0,,,,,,Pitchfork
2021_75,Don’t You Worry About Me,Bad Boy Chiller Crew,0,,,,,,Pitchfork
2021_74,Gemini and Leo,Helado Negro,0,,,,,,Pitchfork
2021_73,Hold U,Indigo De Souza,0,,,,,,Pitchfork
2021_72,Dope Game $tupid,Bruiser Wolf,0,,,,,,Pitchfork
2021_71,VBS,Lucy Dacus,0,,,,,,Pitchfork
2021_70,All I Need,Jayda G,0,,,,,,Pitchfork
2021_69,Wild Side,Normani,0,,,,,,Pitchfork
2021_68,Mystery,Turnstile,0,,,,,,Pitchfork
2021_67,Xiu,Yu Su,0,,,,,,Pitchfork
2021_66,Bussifame,Dawn Richard,0,,,,,,Pitchfork
2021_65,Stonefruit,Armand Hammer and the Alchemist,0,,,,,,Pitchfork
2021_64,Fellowship,serpentwithfeet,0,,,,,,Pitchfork
2021_63,I Lie Here Buried With My Rings and My Dresses,Backxwash,0,,,,,,Pitchfork
2021_62,MONTERO (Call Me By Your Name),Lil Nas X,0,,,,,,Pitchfork
2021_61,23,Cleo Sol,0,,,,,,Pitchfork
2021_60,Sick Bitch,LSDXOXO,0,,,,,,Pitchfork
2021_59,Dogma,Circuit des Yeux,0,,,,,,Pitchfork
2021_58,Drama,Erika de Casier,0,,,,,,Pitchfork
2021_57,Sad Girlz Luv Money Remix,Amaarae,0,,,,,,Pitchfork
2021_56,Beating Down Yo Block,Monaleo,0,,,,,,Pitchfork
2021_55,Weights,Bartees Strange,0,,,,,,Pitchfork
2021_54,Best Friend,Saweetie,0,,,,,,Pitchfork
2021_53,Send Me,Tirzah,0,,,,,,Pitchfork
2021_52,Happier Than Ever,Billie Eilish,0,,,,,,Pitchfork
2021_51,Introvert,Little Simz,0,,,,,,Pitchfork
2021_50,I Don’t Live Here Anymore,The War on Drugs,0,,,,,,Pitchfork
2021_49,Kelso (Blue sky),Grouper,0,,,,,,Pitchfork
2021_48,Strawberry,Doss,0,,,,,,Pitchfork
2021_47,"Bzrp Music Sessions, Vol. 38",L-Gante,0,,,,,,Pitchfork
2021_46,Tales From the Trash Stratum,Oneohtrix Point Never,1,Elizabeth Fraser,,,,,Pitchfork
2021_45,Good Ones,Charli XCX,0,,,,,,Pitchfork
2021_44,American tterroristt,Rxk Nephew,0,,,,,,Pitchfork
2021_43,Peaches,Justin Bieber,0,,,,,,Pitchfork
2021_42,Chaeri,Magdalena Bay,0,,,,,,Pitchfork
2021_41,Breadwinner,Kacey Musgraves,0,,,,,,Pitchfork
2021_40,MMMOOOAAAAAYAYA,Illuminati Hotties,0,,,,,,Pitchfork
2021_39,To Be Loved,Adele,0,,,,,,Pitchfork
2021_38,Slay3r,Playboi Carti,0,,,,,,Pitchfork
2021_37,Road of the Lonely Ones,Madlib,0,,,,,,Pitchfork
2021_36,Dark Gethsemane,Burial,0,,,,,,Pitchfork
2021_35,Kiss Me More,Doja Cat,0,,,,,,Pitchfork
2021_34,Crystal Ball,MIKE,0,,,,,,Pitchfork
2021_33,Afrique Victime,Mdou Moctar,0,,,,,,Pitchfork
2021_32,Open Eyes,duendita,0,,,,,,Pitchfork
2021_31,Please,Jessie Ware,0,,,,,,Pitchfork
2021_30,Rainforest,Noname,0,,,,,,Pitchfork
2021_29,Scratchcard Lanyard,Dry Cleaning,0,,,,,,Pitchfork
2021_28,Fuck Him All Night,Azealia Banks,0,,,,,,Pitchfork
2021_27,Kriminel,Mach-Hommy,0,,,,,,Pitchfork
2021_26,Find It,L’Rain,0,,,,,,Pitchfork
2021_25,Jackie,Yves Tumor,0,,,,,,Pitchfork
2021_24,Just for Me,PinkPantheress,0,,,,,,Pitchfork
2021_23,Embryo,Jlin,0,,,,,,Pitchfork
2021_22,family ties,Baby Keem,0,,,,,,Pitchfork
2021_21,John L,black midi,0,,,,,,Pitchfork
2021_20,Good Days,SZA,0,,,,,,Pitchfork
2021_19,I Know I’m Funny haha,Faye Webster,0,,,,,,Pitchfork
2021_18,Thot Shit,Megan Thee Stallion,0,,,,,,Pitchfork
2021_17,I Go,Peggy Gou,0,,,,,,Pitchfork
2021_16,Bouncin,Tinashe,0,,,,,,Pitchfork
2021_15,Little Things,Big Thief,0,,,,,,Pitchfork
2021_14,Essence,WizKid,0,,,,,,Pitchfork
2021_13,La Perla,Sofia Kourtesis,0,,,,,,Pitchfork
2021_12,Like I Used To,Sharon Van Etten,1,Angel Olsen,,,,,Pitchfork
2021_11,Be Sweet,Japanese Breakfast,0,,,,,,Pitchfork
2021_10,deja vu,Olivia Rodrigo,0,,,,,,Pitchfork
2021_9,Mohabbat,Arooj Aftab,0,,,,,,Pitchfork
2021_8,Valentine,Snail Mail,0,,,,,,Pitchfork
2021_7,Working for the Knife,Mitski,0,,,,,,Pitchfork
2021_6,Lumberjack,"Tyler, the Creator",0,,,,,,Pitchfork
2021_5,White Dress,Lana Del Rey,0,,,,,,Pitchfork
2021_4,Pick Up Your Feelings,Jazmine Sullivan,0,,,,,,Pitchfork
2021_3,Days Like These,Low,0,,,,,,Pitchfork
2021_2,Hard Drive,Cassandra Jenkins,0,,,,,,Pitchfork
2021_1,Bunny Is a Rider,Caroline Polachek,0,,,,,,Pitchfork
2022_100,As It Was,Harry Styles,0,,,,,,Pitchfork
2022_99,Welcome to Hell,Black Midi,0,,,,,,Pitchfork
2022_98,Tonight,Phoenix,0,,,,,,Pitchfork
2022_97,happy accident,Tomberlin,0,,,,,,Pitchfork
2022_96,Pájaros en Verano,Ela Minus,1,DJ Python,,,,,Pitchfork
2022_95,May Brigade,Horse Lords,0,,,,,,Pitchfork
2022_94,Lydia Wears a Cross,Julia Jacklin,0,,,,,,Pitchfork
2022_93,Punish,4s4ki,0,,,,,,Pitchfork
2022_92,Bull Believer,Wednesday,0,,,,,,Pitchfork
2022_91,Pods,Two Shell,0,,,,,,Pitchfork
2022_90,bezhigo,Joe Rainey,0,,,,,,Pitchfork
2022_89,Diet Coke,Pusha T,0,,,,,,Pitchfork
2022_88,Edge of the Edge,Panda Bear,1,Sonic Boom,,,,,Pitchfork
2022_87,What I Want,MUNA,0,,,,,,Pitchfork
2022_86,Strange Neighbourhood,Burial,0,,,,,,Pitchfork
2022_85,Ascension,Ka,0,,,,,,Pitchfork
2022_84,Anything,Sharon Van Etten,0,,,,,,Pitchfork
2022_83,City in a City,Cole Pulice,0,,,,,,Pitchfork
2022_82,Real Hips,Bandmanrill,0,,,,,,Pitchfork
2022_81,Royal and Desire,Animal Collective,0,,,,,,Pitchfork
2022_80,Washed Away,Kelela,0,,,,,,Pitchfork
2022_79,Backwash,Gilla Band,0,,,,,,Pitchfork
2022_78,hear you,Yung Kayo,1,Eartheater,,,,,Pitchfork
2022_77,Back to the Radio,Porridge Radio,0,,,,,,Pitchfork
2022_76,Cada Músculo,Mabe Fratti,0,,,,,,Pitchfork
2022_75,Tabula Rasa,Earl Sweatshirt,0,,,,,,Pitchfork
2022_74,Protection From Evil,Ibibio Sound Machine,0,,,,,,Pitchfork
2022_73,Sincerely Face,Babyface Ray,0,,,,,,Pitchfork
2022_72,B.O.T.A. (Baddest of Them All),Eliza Rose,1,Interplanetary Criminal,,,,,Pitchfork
2022_71,Coochie (a bedtime story),Shygirl,0,,,,,,Pitchfork
2022_70,Computer Exploder,Oso Oso,0,,,,,,Pitchfork
2022_69,Baking Soda,Mavi,0,,,,,,Pitchfork
2022_68,Bad Love,Dehd,0,,,,,,Pitchfork
2022_67,Pull Up,Koffee,0,,,,,,Pitchfork
2022_66,Right to Riot,Hagop Tchaparian,0,,,,,,Pitchfork
2022_65,Body Paint,Arctic Monkeys,0,,,,,,Pitchfork
2022_64,Ugly Season,Perfume Genius,0,,,,,,Pitchfork
2022_63,New Bottega,Azealia Banks,0,,,,,,Pitchfork
2022_62,What They Call Us,Fever Ray,0,,,,,,Pitchfork
2022_61,What It Is,Amber Mark,0,,,,,,Pitchfork
2022_60,Problem With It,Plains,0,,,,,,Pitchfork
2022_59,Don’t Forget You’re Precious,Alabaster DePlume,0,,,,,,Pitchfork
2022_58,melt,Kehlani,0,,,,,,Pitchfork
2022_57,Running With the Hurricane,Camp Cope,0,,,,,,Pitchfork
2022_56,Break My Soul,Beyoncé,0,,,,,,Pitchfork
2022_55,Basketball Shoes,"Black Country, New Road",0,,,,,,Pitchfork
2022_54,Angel,DJ Python,0,,,,,,Pitchfork
2022_53,honda,FKA twigs,0,,,,,,Pitchfork
2022_52,Jackie Down the Line,Fontaines D.C.,0,,,,,,Pitchfork
2022_51,Looking at Your Pager,KH,0,,,,,,Pitchfork
2022_50,Belize,Danger Mouse,1,Black Thought,,,,,Pitchfork
2022_49,Free Yourself,Jessie Ware,0,,,,,,Pitchfork
2022_48,Light Me Up,Ravyn Lenae,0,,,,,,Pitchfork
2022_47,Circles Around This Town,Maren Morris,0,,,,,,Pitchfork
2022_46,Sticky,Drake,0,,,,,,Pitchfork
2022_45,El Galatzó,Lucrecia Dalt,0,,,,,,Pitchfork
2022_44,Anti-Hero,Taylor Swift,0,,,,,,Pitchfork
2022_43,Western Wind,Carly Rae Jepsen,0,,,,,,Pitchfork
2022_42,Tastes Just Like It Costs,MJ Lenderman,0,,,,,,Pitchfork
2022_41,It Hit Me,Charlotte Adigéry,1,Bolis Pupul,,,,,Pitchfork
2022_40,keisha,Yaya Bey,0,,,,,,Pitchfork
2022_39,Plan B,Megan Thee Stallion,0,,,,,,Pitchfork
2022_38,Big Time,Angel Olsen,0,,,,,,Pitchfork
2022_37,Home Maker,Sudan Archives,0,,,,,,Pitchfork
2022_36,Bites on My Neck,yeule,0,,,,,,Pitchfork
2022_35,Midnight Legend,Special Interest,1,,Mykki Blanco,,,,Pitchfork
2022_34,Shelly,Grace Ives,0,,,,,,Pitchfork
2022_33,Spud Infinity,Big Thief,0,,,,,,Pitchfork
2022_32,Bitch Where,Chief Keef,0,,,,,,Pitchfork
2022_31,Constant Repeat,Charli XCX,0,,,,,,Pitchfork
2022_30,Munch (Feelin’ U),Ice Spice,0,,,,,,Pitchfork
2022_29,Greatest Hits,Jockstrap,0,,,,,,Pitchfork
2022_28,Shotgun,Soccer Mommy,0,,,,,,Pitchfork
2022_27,Bad Habit,Steve Lacy,0,,,,,,Pitchfork
2022_26,Moderation,Cate Le Bon,0,,,,,,Pitchfork
2022_25,Last Last,Burna Boy,0,,,,,,Pitchfork
2022_24,Cherry,Daphni,0,,,,,,Pitchfork
2022_23,"It’s Not Just Me, It’s Everybody",Weyes Blood,0,,,,,,Pitchfork
2022_22,home,Two Shell,0,,,,,,Pitchfork
2022_21,We Not Humping (Remix),Monaleo,0,,,,,,Pitchfork
2022_20,Billions,Caroline Polachek,0,,,,,,Pitchfork
2022_19,Friday Night,Beth Orton,0,,,,,,Pitchfork
2022_18,Ancestress,Björk,0,,,,,,Pitchfork
2022_17,Midnight Sun,Nilüfer Yanya,0,,,,,,Pitchfork
2022_16,The Heart Part 5,Kendrick Lamar,0,,,,,,Pitchfork
2022_15,Heaven Come Crashing,Rachika Nayar,0,,,,,,Pitchfork
2022_14,Cash In Cash Out,Pharrell,0,,,,,,Pitchfork
2022_13,Part of the Band,The 1975,0,,,,,,Pitchfork
2022_12,Fever,Aldous Harding,0,,,,,,Pitchfork
2022_11,American Teenager,Ethel Cain,0,,,,,,Pitchfork
2022_10,Somewhere Near Marseilles,Hikaru Utada,0,,,,,,Pitchfork
2022_9,Tití Me Preguntó,Bad Bunny,0,,,,,,Pitchfork
2022_8,Step by Step,Alan Braxe,1,DJ Falcon,,,,,Pitchfork
2022_7,SAOKO,Rosalía,0,,,,,,Pitchfork
2022_6,Spitting Off the Edge of the World,Yeah Yeah Yeahs,0,,,,,,Pitchfork
2022_5,Alien Superstar,Beyoncé,0,,,,,,Pitchfork
2022_4,Runner,Alex G,0,,,,,,Pitchfork
2022_3,F.N.F. (Let’s Go),Glorilla,1,Hitkidd,,,,,Pitchfork
2022_2,June,Destroyer,0,,,,,,Pitchfork
2022_1,Belinda Says,Alvvays,0,,,,,,Pitchfork
2023_100,Stage of Love,Mary Jane Dunphe,0,,,,,,Pitchfork
2023_99,La Alhambra,Marina Herlop,0,,,,,,Pitchfork
2023_98,LADY GAGA,Peso Pluma,1,Gabito Ballesteros,Junior H,,,,Pitchfork
2023_97,Delete It,MSPAINT,0,,,,,,Pitchfork
2023_96,Yeezy Boots,RXK Nephew,0,,,,,,Pitchfork
2023_95,Go Dig My Grave,Lankum,0,,,,,,Pitchfork
2023_94,WHERE SHE GOES,Bad Bunny,0,,,,,,Pitchfork
2023_93,New York Transit Queen,Corinne Bailey Rae,0,,,,,,Pitchfork
2023_92,Nothing Left to Lose,Everything But the Girl,0,,,,,,Pitchfork
2023_91,Desolation’s Flower,Ragana,0,,,,,,Pitchfork
2023_90,"Darkness, Darkness",Kieran Hebden,1,William Tyler,,,,,Pitchfork
2023_89,Pa Que Baile,Kiko el Crazy,0,,,,,,Pitchfork
2023_88,Amapiano,Asake,0,,,,,,Pitchfork
2023_87,Face Down,City Girls,0,,,,,,Pitchfork
2023_86,VAMPIROS,Rosalía,1,Rauw Alejandro,,,,,Pitchfork
2023_85,Rumble,Skrillex,1,Fred again..,Flowdan,,,,Pitchfork
2023_84,Fruit Loop,Flo Milli,0,,,,,,Pitchfork
2023_83,Ebony Eye,Yves Tumor,0,,,,,,Pitchfork
2023_82,Johnny Dang,That Mexican OT,1,,Paul Wall,DRODi,,,Pitchfork
2023_81,Float,Janelle Monáe,0,,,,,,Pitchfork
2023_80,Good Lies,Overmono,0,,,,,,Pitchfork
2023_79,uHhH HuH.Mp3,TisaKorean,0,,,,,,Pitchfork
2023_78,To be honest,Christine and the Queens,0,,,,,,Pitchfork
2023_77,kisses,Slowdive,0,,,,,,Pitchfork
2023_76,Thank Allah,Niontay,0,,,,,,Pitchfork
2023_75,Maria,Greg Mendez,0,,,,,,Pitchfork
2023_74,None of Us Have But a Little While,Lonnie Holley,0,,,,,,Pitchfork
2023_73,Census Designated,Jane Remover,0,,,,,,Pitchfork
2023_72,2HUMPY Anthem,2HUMPY,1,2RARE,,,,,Pitchfork
2023_71,MÁQUINA CULONA,Ralphie Choo,0,,,,,,Pitchfork
2023_70,Name of God,Mustafa,0,,,,,,Pitchfork
2023_69,Sprinter,Central Cee,1,Dave,,,,,Pitchfork
2023_68,Skeleton Is Walking,Blake Mills,0,,,,,,Pitchfork
2023_67,Push Power ( a 1 ),Actress,0,,,,,,Pitchfork
2023_66,Tiny Garden,Jamila Woods,0,,,,,,Pitchfork
2023_65,Shmackin Town,AyooLii,0,,,,,,Pitchfork
2023_64,Moonlight,Kali Uchis,0,,,,,,Pitchfork
2023_63,Blind,SZA,0,,,,,,Pitchfork
2023_62,Hunter,Jess Williamson,0,,,,,,Pitchfork
2023_61,Fentanyl Tester,Danny Brown,1,JPEGMAFIA,,,,,Pitchfork
2023_60,Pretty in Possible,Caroline Polachek,0,,,,,,Pitchfork
2023_59,Love Who We Are Meant To,Feist,0,,,,,,Pitchfork
2023_58,Late Night Love,Octo Octa,0,,,,,,Pitchfork
2023_57,eclipse de amor,NOIA,0,,,,,,Pitchfork
2023_56,Speed Drive,Charli XCX,0,,,,,,Pitchfork
2023_55,Gorilla,Little Simz,0,,,,,,Pitchfork
2023_54,Red Wine Supernova,Chappell Roan,0,,,,,,Pitchfork
2023_53,Bending Hectic,The Smile,0,,,,,,Pitchfork
2023_52,vampire,Olivia Rodrigo,0,,,,,,Pitchfork
2023_51,Blackbox Life Recorder 21f,Aphex Twin,0,,,,,,Pitchfork
2023_50,Psychedelic Switch,Carly Rae Jepsen,0,,,,,,Pitchfork
2023_49,Spirit 2.0,Sampha,0,,,,,,Pitchfork
2023_48,Installation,Pangaea,0,,,,,,Pitchfork
2023_47,The Gods Must Be Crazy,Armand Hammer,0,,,,,,Pitchfork
2023_46,Needs,Tinashe,0,,,,,,Pitchfork
2023_45,Younger & Dumber,Indigo De Souza,0,,,,,,Pitchfork
2023_44,Blissda,DJ Koze,0,,,,,,Pitchfork
2023_43,Mayors a Cop,MIKE,1,Wiki,The Alchemist,,,,Pitchfork
2023_42,Snowman,Blonde Redhead,0,,,,,,Pitchfork
2023_41,Padam Padam,Kylie Minogue,0,,,,,,Pitchfork
2023_40,Pinking Shears,"Mandy, Indiana",0,,,,,,Pitchfork
2023_39,dickhead blues,Kara Jackson,0,,,,,,Pitchfork
2023_38,Set the Roof,Hudson Mohawke,1,Nikki Nair,,,,,Pitchfork
2023_37,I’ve Got Me,Joanna Sternberg,0,,,,,,Pitchfork
2023_36,WICKED GYAL,BAMBII,0,,,,,,Pitchfork
2023_35,Moonless,Julie Byrne,0,,,,,,Pitchfork
2023_34,x w x,yeule,0,,,,,,Pitchfork
2023_33,For Granted,Yaeji,0,,,,,,Pitchfork
2023_32,Not Strong Enough,boygenius,0,,,,,,Pitchfork
2023_31,old place,Jim Legxacy,0,,,,,,Pitchfork
2023_30,On My Mama,Victoria Monét,0,,,,,,Pitchfork
2023_29,Three Drums,Four Tet,0,,,,,,Pitchfork
2023_28,My Love Mine All Mine,Mitski,0,,,,,,Pitchfork
2023_27,Hollywood Baby,100 gecs,0,,,,,,Pitchfork
2023_26,Barley,Water From Your Eyes,0,,,,,,Pitchfork
2023_25,"If I Don’t See You in the Future, I’ll See You in the Pasture",Cole Pulice,0,,,,,,Pitchfork
2023_24,Dreamliner,Avalon Emerson,0,,,,,,Pitchfork
2023_23,SkeeYee,Sexyy Red,0,,,,,,Pitchfork
2023_22,Knockin,MJ Lenderman,0,,,,,,Pitchfork
2023_21,I Got Heaven,Mannequin Pussy,0,,,,,,Pitchfork
2023_20,Contact,Kelela,0,,,,,,Pitchfork
2023_19,I Believe,Caroline Polachek,0,,,,,,Pitchfork
2023_18,Pet Rock,L’Rain,0,,,,,,Pitchfork
2023_17,Year Zero,billy woods,1,Kenny Segal,,,,,Pitchfork
2023_16,Co-Star,Amaarae,0,,,,,,Pitchfork
2023_15,Vampire Empire,Big Thief,0,,,,,,Pitchfork
2023_14,The Hillbillies,Baby Keem,1,Kendrick Lamar,,,,,Pitchfork
2023_13,Shiver,Fever Ray,0,,,,,,Pitchfork
2023_12,It Must Change,ANOHNI and the Johnsons,0,,,,,,Pitchfork
2023_11,Daddy,Nourished by Time,0,,,,,,Pitchfork
2023_10,Making the Band (Danity Kane),Earl Sweatshirt,0,,,,,,Pitchfork
2023_9,Rush,Troye Sivan,0,,,,,,Pitchfork
2023_8,Chosen to Deserve,Wednesday,0,,,,,,Pitchfork
2023_7,Super Shy,NewJeans,0,,,,,,Pitchfork
2023_6,Kill Bill,SZA,0,,,,,,Pitchfork
2023_5,get him back!,Olivia Rodrigo,0,,,,,,Pitchfork
2023_4,Namesake,Noname,0,,,,,,Pitchfork
2023_3,Will Anybody Ever Love Me?,Sufjan Stevens,0,,,,,,Pitchfork
2023_2,Boy’s a liar Pt. 2,PinkPantheress,1,Ice Spice,,,,,Pitchfork
2023_1,A&W,Lana Del Rey,0,,,,,,Pitchfork
